original_author,original_title,music_id,repetitions
0,H0me Sw33t H0me,[5467064],1
7,Orange,[2497626],1
24,Mood,[6350578],1
47,At The Speed Of Light,[5289334],1
65,Blue Da Ba Dee,[1218841],1
418,Alpha,[5799378],1
418,Aria Math,[5684364],1
418,Danny,[5537228],1
418,Dry Hands,[2839501],1
418,Haggstrom (from Minecraft),[4881673],1
418,Living Mice,[5058536],1
418,Mice On Venus,[5165336],1
418,Minecraft,[5324719],1
418,Minecraft Vol. Alpha,[5179108],1
418,Subwoofer Lullaby,[4114251],1
418,Sweden,"[163968, 4680761]",2
418,Wet Hands (from Minecraft),[2441471],1
4200,'O Sole Mio,[1964861],1
8553,"Einzug Der Gladiatoren, Op.68",[1243801],1
10345,Passacaglia,[5939854],1
10345,Passacaglia For Violin And Viola,[5619808],1
10345,"Suite No. 7, G Minor, HWV 432",[5889760],1
10402,St. Louis Blues,[5482857],1
10420,The Virtuoso Pianist,"[816451, 1920636]",2
11864,Trio Quasi Una Tarantella Napoletana,[2773451],1
17653,Polonaise 'Pożegnanie Ojczyzny',[6392827],1
18560,"Minuet In G Minor, BWV Anh.115",[62646],1
19940,"Violin Concerto No.2, Op.35",[1750271],1
22216,Prelude In B Minor,[4731076],1
22392,"Vltava, JB 1:112/2",[6536604],1
24760,El Choclo,[5004571],1
26405,3 Old Viennese Dances,[1131666],1
26409,BANG!,[5968794],1
26409,Burn The House Down,[5739786],1
26409,World's Smallest Violin,[6709439],1
26411,"The Planets, Op.32","[5063369, 5271023]",2
26416,"""G Minor""",[6092548],1
26416,"3 Minuets, BWV 841-843",[3805681],1
26416,"6 Cello Suites, BWV 1007-1012",[1799266],1
26416,"Air 'on The G String', Orchestral Suite No. 3 In D Major, BWV 1068","[166259, 891176, 3722131, 4818780]",4
26416,BWV 147,[6363642],1
26416,Cello Suite No 1 - Prelude,[5602522],1
26416,"Cello Suite No.1 In G Major, BWV 1007","[60578, 89127, 116486, 839546, 1640691, 2184946, 2226041, 5143903]",8
26416,"Concerto In D Minor, BWV 974","[53267, 5444619]",2
26416,Double Violin Concerto In D Minor,[5111068],1
26416,"Du Friedefürst, Herr Jesu Christ, BWV 116",[2086216],1
26416,"Fugue In G Minor, BWV 578","[633296, 3826491]",2
26416,"Goldberg-Variationen, BWV 988",[48072],1
26416,"Ich Steh Mit Einem Fuß Im Grabe, BWV 156",[161957],1
26416,"Invention In A Minor, BWV 784",[4120661],1
26416,"Invention In D Minor, BWV 775",[5378005],1
26416,"Jesu, Joy Of Man's Desiring",[6627083],1
26416,Jesus Alegria Dos Homens ,[4098231],1
26416,"Minuet In G Major, BWV Anh.114","[62312, 2086106]",2
26416,"Musette In D Major, BWV Anh.126",[2086211],1
26416,Orchestral Suite No 2 In B Minor Bwv 1067 - Badinerie,[205736],1
26416,"Orchestral Suite No.2 In B Minor, BWV 1067",[4980566],1
26416,"Orchestral Suite No.2 In B Minor, BWV 1067, No. 7 Badinerie",[698281],1
26416,"Orchestral Suite No.3 In D Major, BWV 1068",[33718],1
26416,"Organ Sonata No.4 In E Minor, BWV 528",[6390452],1
26416,"Prelude And Fugue In C Major, BWV 547",[1263241],1
26416,"Prelude And Fugue In C Major, BWV 846","[161981, 210606, 4609406]",3
26416,"Prelude And Fugue In C Minor, BWV 847","[227966, 231261, 1906516, 2377386]",4
26416,"Prelude In C Minor, BWV 999",[4526],1
26416,"Prelude No. 2 In C Minor (BWV 846) (from The ""Well-Tempered Clavier""; [1st Book])",[117279],1
26416,Prélude - Cello Suite No.1 In G Major,[2652266],1
26416,"Suite In E Minor, BWV 996",[4041],1
26416,"Toccata And Fugue In D Minor, BWV 565","[55680, 5522509]",2
26416,"Violin Partita No.2 In D Minor, BWV 1004",[5495876],1
26416,"Violin Partita No.3 In E Major, BWV 1006",[5654326],1
26416,"Violin Sonata No.1 In G Minor, BWV 1001",[5549919],1
26416,"Was Mir Behagt, Ist Nur Die Muntre Jagd, BWV 208",[3129121],1
26453,"2 Sonatinas For Piano, Anh.5",[1451611],1
26453,"6 Minuets, WoO 10","[5286801, 5422442]",2
26453,Bethoveen Virus ,[39881],1
26453,"Die Ruinen Von Athen, Op.113",[760916],1
26453,"Für Elise, WoO 59","[33816, 1482661, 2478446, 4053926, 5281944, 5363445, 5418894, 6007087, 6274321, 6960508]",10
26453,Ode To Joy,"[182061, 2271746]",2
26453,"Piano Sonata No.14, Op.27 No.2","[33715, 49144, 55352, 155388, 880516, 1029831, 1993341, 2025321, 5149814, 5309434, 5421848, 5585485, 5626667, 6672277, 6941332]",15
26453,"Piano Sonata No.17, Op.31 No.2","[49217, 5541886]",2
26453,"Piano Sonata No.21, Op.53",[72613],1
26453,"Piano Sonata No.23, Op.57",[81183],1
26453,"Piano Sonata No.8, Op.13","[49148, 54474, 61042, 102248, 863271, 6187402]",6
26453,"Rondo A Capriccio, Op.129",[201476],1
26453,"Symphony No.5, Op.67","[128179, 1780551, 5046681, 5958295]",4
26453,"Symphony No.7, Op.92",[296446],1
26453,"Symphony No.9, Op.125","[2399196, 5470730, 5655850, 5733014]",4
26453,"Violin Sonata No.9, Op.47",[2855611],1
26454,Carol Of The Bells,"[542551, 1465766, 1502981, 2774966, 2782256, 3022181, 4513691, 4866688]",8
26456,"4 Impromptus, D.899","[288811, 5535580, 5687387]",3
26456,"Ave Maria, D.839","[756526, 2826966, 3471446, 4584986, 5588586]",5
26456,"Moments Musicaux, D.780",[4801031],1
26456,"Schwanengesang, D.957",[3252906],1
26456,Serenade,[4907304],1
26456,"Ständchen, D.889",[1633771],1
26456,"Waltz In B Minor, Op. 18",[5375226],1
26466,"24 Caprices For Solo Violin, Op.1","[92367, 5370204, 5582243]",3
26466,La Campanella,[5316979],1
26466,Paganini's Camprice No. 24 (Piano Edition),[4559691],1
26468,Attack Of The Killer Queen,[7021628],1
26468,BIG SHOT,[7020425],1
26468,Battle Against A True Hero,[1558591],1
26468,Bergentrückung/Asgore,[2158896],1
26468,Bonetrousle,"[1285421, 1585776]",2
26468,Death By Glamour,"[1382316, 4991584]",2
26468,Fallen Down,"[1686751, 1716371]",2
26468,Fallen Down (Reprise),[1936156],1
26468,Heartache,[1301546],1
26468,His Theme,[2291201],1
26468,Home,[1580041],1
26468,Hopes And Dreams,[1291731],1
26468,It's Raining Somewhere Else,[5331497],1
26468,Lancer's Theme,[5292600],1
26468,Megalovania,"[1352796, 1439901, 1660916, 1870176, 2207011, 2221661, 2665176, 2925516, 6180529]",9
26468,My Castle Town,[7017953],1
26468,Once Upon A Time,[1407296],1
26468,Rude Buster,[5294331],1
26468,Spider Dance,"[1342436, 4793799]",2
26468,THE WORLD REVOLVING,[5334454],1
26468,The Legend,[5296020],1
26468,Undertale,"[1321576, 1429131, 2075346, 2119261]",4
26468,Undertale-Ruins,[3113556],1
26493,Bolero,[2051921],1
26493,Miroirs,[5171003],1
26493,Pavane Pour Une Infante Défunte,[4810274],1
26495,How To Train Your Dragon,"[759996, 5671499]",2
26495,Romantic Flight,[1694681],1
26495,Test Drive,[1327981],1
26551,3 Gymnopédies,"[980686, 2904571, 4766391, 5177752, 5268304]",5
26551,Gnossienne No.1,[5179301],1
26551,Gnossiennes,"[4131536, 4422586]",2
26551,Je Te Veux,[6329238],1
26552,Coco,[1665831],1
26556,Just The Way You Are,[6222185],1
26556,New York State Of Mind,[6268159],1
26556,Piano Man,"[2221711, 3789281, 4543626, 4650781, 5186176, 5923720]",6
26556,Vienna,[5667313],1
26559,Black Swan,[5935427],1
26559,Blue &amp; Grey,[6463774],1
26559,Dynamite,[6305190],1
26559,Euphoria,[5056047],1
26559,Fake Love,[5109166],1
26559,Film Out,[6696196],1
26559,I Need U,"[1732376, 4833851]",2
26559,Life Goes On,[6460260],1
26559,Mikrokosmos 소우주,[5567214],1
26559,Sweet Night OST (Itaewon Class),[6021655],1
26559,The Truth Untold (Feat. Steve Aoki),[5109588],1
26571,"16 Waltzes, Op.39",[675591],1
26571,"21 Hungarian Dances (Orchestra), WoO 1",[4890545],1
26571,"21 Hungarian Dances (Piano), WoO 1",[4776321],1
26571,"21 Hungarian Dances, WoO 1",[48720],1
26571,"6 Klavierstücke, Op.118",[3378576],1
26571,Hungarian Dance N°5 In F# Minor For 4 Hands,[379836],1
26582,Again,[3266761],1
26582,My Lie (Watashi No Uso) - Your Lie In April,[4921331],1
26605,"A Journey (From ""The Wind Rises"")",[6224057],1
26605,Howl's Moving Castle,"[729506, 1499516, 3324836, 3569956, 4854023, 5193537, 5903275, 5920093]",8
26605,Inochi No Namae,[5038709],1
26605,Merry-Go-Round Of Life,"[895466, 2573671, 2992146, 3696376, 4174521, 4186291, 4197961, 4982412, 5027545, 5143927, 5188169, 5435873, 6123819, 6282670, 6301753, 6354563, 6384400, 6601793]",18
26605,Nostalgia,[6098854],1
26605,One Summer's Day,"[1463381, 2212086, 5336314, 5870660]",4
26605,Sixth Station,[5753705],1
26605,Summer,"[429546, 5523925]",2
26605,The Name Of Life,"[1367751, 6206415]",2
26633,Inside Out - Main Theme,[968646],1
26633,Married Life,"[1512901, 3537686]",2
26633,Up Main Theme,"[715646, 2260706, 6653233]",3
26700,How Far I'll Go,"[2984271, 3480721]",2
26700,Surface Pressure (from Encanto),[7372826],1
26700,We Don't Talk About Bruno,"[7347764, 7357025, 7388483]",3
26714,Moon River,"[4814391, 4857783, 4874701, 4883347, 5642503, 6055555]",6
26714,The Pink Panther Theme,[2773171],1
26737,"A Midsummer Night's Dream, Incidental Music, Op.61","[1650841, 2362651]",2
26737,"Hark, The Herald Angels Sing",[5136919],1
26737,Mendelssohn Violin Concerto In E Minor Op. 64,[6046205],1
26752,Joy To The World,[4801925],1
27110,A Whole New World,"[3755466, 5183742, 6547086]",3
27110,Beauty And The Beast,"[4048326, 6662904, 6676854]",3
27110,Colors Of The Wind,[6630648],1
27110,Friend Like Me,[6771810],1
27110,I See The Light (from Disney's Tangled),"[1036236, 5108847]",2
27110,Prologue,[5650521],1
27110,Under The Sea (from The Little Mermaid),[4392496],1
27255,In The Hall Of The Mountain King,"[49154, 2402031, 4836471, 5636285]",4
27255,"Peer Gynt Suite No.2, Op.46","[748011, 4905420]",2
27495,Cardigan,[6573123],1
27497,Ylang Ylang,"[5903735, 6300850]",2
27771,"25 Études Faciles Et Progressives, Op.100","[550601, 5849868]",2
28678,Amazing Grace,[1937],1
28724,Adjective Song,[1525331],1
29894,Carmen,"[440201, 2265906]",2
29978,"Lohengrin, WWV 75",[3582936],1
31285,Ave Maria ,[5290059],1
31292,"10 Preludes, Op.23","[105343, 1194906]",2
31292,"14 Romances, Op.34",[5398515],1
31292,"Morceaux De Fantaisie, Op.3","[112955, 2008481, 2101171, 6177451]",4
31292,"Piano Concerto No.2, Op.18","[5105405, 5914051, 6078161]",3
31292,"Rhapsody On A Theme Of Paganini, Op.43",[5592161],1
31365,Nabucco,[5077553],1
31365,Rigoletto,[650911],1
31367,"Danse Macabre, Op.40","[90702, 500596, 5272414]",3
31367,"Introduction Et Rondo Capriccioso, Op.28",[3613411],1
31367,Le Carnaval Des Animaux,"[3140586, 4901201, 5596771]",3
31394,"Pavane, Op.50",[78674],1
31394,Sicilienne,[6373067],1
31420,"Salut D'amour, Op.12","[2550651, 4461921, 4974773, 6289291]",4
31435,"12 Variations On ""Ah, Vous Dirai-je Maman"", K.265/300e","[245746, 3198331]",2
31435,"Ave Verum Corpus, K.618",[1140891],1
31435,"Die Zauberflöte, K.620","[1880946, 4117286]",2
31435,"Eine Kleine Nachtmusik, K.525","[1091781, 2379221, 5452340]",3
31435,"Fantasia In D Minor, K.397/385g",[2633711],1
31435,"March In C Major, K.214",[5487976],1
31435,"Minuet In F Major, K.2",[58882],1
31435,"Piano Concerto No.23 In A Major, K.488",[3815826],1
31435,"Piano Sonata No. 11, K. 331 (Turkish March)","[54431, 142975, 180473, 3632791, 3716956, 4990889, 5439790, 5536189, 6670038]",9
31435,"Piano Sonata No.11 In A Major, K.331/300i",[49143],1
31435,"Piano Sonata No.16 In C Major, K.545","[539, 74298, 77457, 4474306, 5653854]",5
31435,"Requiem In D Minor, K.626","[1913, 2129591, 2275496, 5837604]",4
31435,Sonata No 16 In C Major K. 545,[2984906],1
31435,"Symphony No.40 In G Minor, K.550","[1470191, 3291171, 6185476]",3
31435,Twinkle Twinkle Little Star,[5520652],1
31488,"Kinderszenen, Op.15","[216956, 4778176, 5367341, 5902660]",4
31695,"1812 Overture, Op.49",[4145221],1
31695,Dance Of The Sugar Plum Fairy,[6095109],1
31695,"Piano Concerto No.1, Op.23","[3158561, 4997485, 5871238]",3
31695,"Swan Lake (ballet), Op.20","[4450806, 4811958, 5051761, 5190964, 5964065]",5
31695,"Swan Lake (suite), Op.20a","[5435987, 5644351]",2
31695,"The Nutcracker (ballet), Op.71","[151348, 1131706, 1460071, 1635221, 2899321, 4826725, 5131763, 5307493, 5308975, 5590901]",10
31695,The Seasons No 6 - June Barcarolle,[3057501],1
31695,"The Seasons, Op.37a",[5333841],1
31695,"The Sleeping Beauty (ballet), Op.66","[3991421, 5244260]",2
31695,Trepak,[3229306],1
31695,"Violin Concerto, Op.35",[5615868],1
31695,Waltz Of The Flowers,[6023534],1
32243,"It's Over, Isn't It?",[2912321],1
32243,Love Like You,[1921391],1
32472,2 Arabesques,"[55396, 4788704, 5077352]",3
32472,Ariettes Oubliées,[5999678],1
32472,Clair De Lune,"[58553, 5933450, 6253695]",3
32472,La Fille Aux Cheveux De Lin,[5125937],1
32472,Rêverie,"[2749626, 4157506]",2
32472,Suite Bergamasque,"[5065614, 5200517, 5369968, 5382356]",4
32672,"Solfeggio In C Minor, H.220",[2782101],1
32722,"Mass, Op.12, No.5 (Panis Angelicus) ",[2207681],1
33347,The Devil's Trill Sonata,[5320866],1
33970,Cornfield Chase,"[6666680, 7564499]",2
33970,Davy Jones,[1078466],1
33970,First Step,"[1307356, 1454091]",2
33970,He's A Pirate,"[1225766, 1421196, 1981941, 3992921]",4
33970,Honor Him/Now We Are Free (from Gladiator),[559806],1
33970,Interstellar,"[1798726, 6877230]",2
33970,Pirates Of The Caribbean,"[1328576, 1980426, 5154106, 5949862, 6218956, 6290166]",6
33979,"8 Humoresques, Op.101","[5100762, 5513326]",2
34620,Dearly Beloved,[2014001],1
34628,"Wild Side, Beastars Opening ",[5815328],1
34719,"Stille Nacht, Heilige Nacht, H.145","[1078446, 3123436, 5173190, 5247455, 5863192, 5898928]",6
34808,"Piano Sonatina In C Major, Op.20 No.1",[167583],1
34847,As It Was,[7867676],1
34847,Falling,[5898202],1
34847,Sign Of The Times,[3708926],1
35048,Jingle Bells,"[1547071, 3953221, 4841156, 4893620, 5157940, 5260233, 5351473, 5678811, 6356239]",9
35114,Across The Violet Sky,[5916802],1
35114,Sincerely,[5274100],1
127962,Beautiful In White,"[833771, 6361034]",2
127979,Jump,[2581141],1
128077,Africa,"[2878086, 3589006, 6381291]",3
128106,Bridge Over Troubled Water,"[5008430, 5021653, 6433867]",3
128106,Scarborough Fair,[3173891],1
128106,The Sound Of Silence,"[162083, 3197151, 4263826, 6412917]",4
128162,Come Sail Away,[2309776],1
128226,Wind Of Change,[5915832],1
128251,Shape Of My Heart,"[6259320, 6699826]",2
128251,What Could Have Been,[7152777],1
128294,All Star,[2590566],1
128339,Californication,[4962397],1
128351,Paint It Black,[4884914],1
128356,Creep,[6769091],1
128357,Listen To Your Heart,[4406316],1
128368,Bohemian Rhapsody,[7944176],1
128368,Don't Stop Me Now,[7724567],1
128368,We Are The Champions,[6593161],1
128425,Where Is My Mind?,"[2910246, 5963738]",2
128442,Comfortably Numb,[5942075],1
128442,The Great Gig In The Sky,"[1497326, 5634303]",2
128442,Wish You Were Here,"[5585661, 6450070]",2
128484,Wonderwall,[5152174],1
128606,Auld Lang Syne,[4512],1
128606,Bella Ciao,"[3770341, 4992158, 5410781, 6065236, 6106322]",5
128606,Boogie Woogie,"[3049456, 4766136, 4833083]",3
128606,Danny Boy,"[118124, 6380432]",2
128606,Drunken Sailor,[879191],1
128606,El Condor Pasa,"[2209826, 4845384]",2
128606,God Save The Queen,[3626661],1
128606,Greensleeves,"[66614, 1550861, 2603136, 6340178]",4
128606,Happy Birthday To You,"[166951, 1562651, 2451071, 2943256, 3285041, 4929172, 5282628, 5847891, 6303440]",9
128606,Persian Folk Song - Jane Maryam,[5672113],1
128606,Spanish Romance,"[65792, 5254985]",2
128606,You Are My Sunshine,[3028766],1
128606,Катюша,"[101958, 3833481]",2
128607,Curb Your Enthusiasm Theme,"[6021611, 6036609]",2
128607,Good Omens - Main Theme,[5607410],1
128607,Sherlock - The Game Is On,[169459],1
128608,Amazing Grace,"[2205116, 5444009, 5554312, 6343745, 6817377]",5
128608,Give Thanks To The Lord,[726591],1
128608,How Great Thou Art,[5727494],1
128609,Animal Crossing - The Roost Cafe,[4331181],1
128609,Beethoven Virus,[1086966],1
128609,Detroit Become Human,[5162790],1
128609,Kahoot Lobby Theme,[1854251],1
128609,Minecraft - Moog City,[6525133],1
128609,Pokemon - Lavender Town Theme,[50012],1
128609,Pokemon - Red And Blue Theme,[1366436],1
128609,Red Alert 3 - Soviet March,[2722751],1
128609,Super Mario Galaxy - Comet Observatory,"[662836, 3540786]",2
128609,Super Mario Odyssey - Jump Up Super Star,[4253161],1
128609,Super Mario World - Athletic Theme,[1058496],1
128609,Super Smash Bros Ultimate - Main Theme,[5134956],1
128609,TalesWeaver,[2935906],1
128609,Tetris Theme,"[38133, 4087516, 5144713]",3
128609,The Last Of Us Theme,[1322981],1
128609,The Legend Of Zelda Breath Of The Wild - Miphas Theme,[4296251],1
128609,The Legend Of Zelda Majoras Mask - Great Fairy Fountain,"[144440, 4353731, 5879874]",3
128609,Undertale - Snowy,[1518486],1
128611,Exercises,[1137111],1
128611,Iphone Ringtones,[138074],1
128611,Medley,"[5141151, 5144174, 6174631]",3
128611,Memes,[3665556],1
128620,Disney Medley,[977681],1
128620,Disney Opening Theme,[6391301],1
128620,How To Train Your Dragon - Flying Theme,[1970386],1
128620,Misc Soundtrack,"[2829541, 5556114]",2
128620,Piratas Del Caribe Theme,[4222281],1
128620,Romeo And Juliet - Love Theme,[4952001],1
128620,Stranger Things - Main Theme,[2462606],1
128620,The Greatest Showman - Rewrite The Stars,[7804454],1
128620,The Untamed OST,[5692852],1
128620,Top Gun Anthem,"[4505106, 5741240]",2
128634,Christmas Songs,[2977591],1
128634,Deck The Halls,[5347261],1
128634,Joy To The World,[6360574],1
128634,Little Drummer Boy,[5285338],1
128634,Mary Did You Know,[1472126],1
128634,O Come O Come Emmanuel,[5353313],1
128634,The First Noel,[4820621],1
128634,We Wish You A Merry Christmas,"[423481, 492771, 2946361, 5260397, 5306782, 5862889]",6
128635,Feeling Good,[6478995],1
128644,Nothing Else Matters,"[3819361, 4962477, 5084245, 5195370]",4
128644,The Unforgiven,[5471160],1
128699,In The End,[5082403],1
128699,Numb,[4321791],1
128699,One More Light,[4509391],1
128699,What I've Done,[5001569],1
128792,Don't Stop Believin',"[4845468, 6594715]",2
128794,Virtual Insanity,[5290807],1
128932,Firth Of Fifth,[6671499],1
128933,I Like Chopin,[4692026],1
128936,Knockin' On Heaven's Door,[5334335],1
128936,November Rain,"[4810872, 4866493]",2
128936,Sweet Child O' Mine ,"[4611481, 5926850]",2
128951,100 Years,[286846],1
129030,Kaikaikitan,[6377259],1
129038,Mr. Blue Sky,[5282896],1
129041,Lose Yourself,[3001356],1
129041,"Love The Way You Lie, Pt. 2",[3795071],1
129041,Mockingbird,[6107367],1
129049,Hotel California,[7696946],1
129090,Get Lucky,[5015236],1
129134,Enjoy The Silence,[4679936],1
129137,Still D.R.E. ,"[5093787, 7349204]",2
129139,Light My Fire,[5626702],1
129139,Riders On The Storm,[671721],1
129139,Roadhouse Blues,[4829866],1
129149,The Sound Of Silence,"[3694896, 5611985]",2
129166,The Devil Went Down To Georgia,[1167181],1
129259,A Sky Full Of Stars,"[3241701, 4227701]",2
129259,Clocks,"[4003556, 5273840, 5942924]",3
129259,Everglow,"[3350816, 5357609]",2
129259,Fix You,[2978961],1
129259,Paradise,[984831],1
129259,The Scientist,"[4497696, 5187712, 5543676]",3
129259,Trouble,[4666431],1
129259,Viva La Vida,"[3192441, 3278571, 3300271, 3702356, 4177661, 6402319]",6
129259,Yellow,[3969046],1
129286,Rasputin,"[5099491, 6351272]",2
129325,Sweet Home Chicago,[6634048],1
129333,God Only Knows,[6400488],1
129343,How Deep Is Your Love,[5855801],1
129358,Hey Jude,[6248051],1
129358,Penny Lane,[3872571],1
129358,Something,[6403234],1
129358,Till There Was You,[6374001],1
129358,While My Guitar Gently Weeps,[5155104],1
129367,I Want It That Way,[5535654],1
129396,Avril 14th,[5648851],1
129424,ABBA Medley,[5934090],1
129424,Chiquitita,"[5286987, 6245930, 6841317, 6862818]",4
129424,Dancing Queen,"[2887096, 5328244]",2
129424,Gimme! Gimme! Gimme! (A Man After Midnight),[5580213],1
129424,Happy New Year,[5267041],1
129424,I Have A Dream,[6210893],1
129424,Mamma Mia,[5156006],1
129424,"Money, Money, Money",[4992324],1
129424,Sos,[5335096],1
129424,The Winner Takes It All,[3140711],1
129441,House Of The Rising Sun,"[505506, 1448636, 5229922]",3
129443,Dream On,"[5057312, 6811642]",2
129446,Thunderstruck,[5701959],1
129493,Sonne,[5530534],1
129533,Seven Nation Army,"[2191056, 4835229]",2
129667,Hallelujah,[5368206],1
129729,Only Time,[4136111],1
129729,Watermark,[3174166],1
129776,Lemon Tree,[2189821],1
129848,Morning Has Broken,[5645263],1
130153,A Whiter Shade Of Pale,"[5342363, 5481040]",2
130197,Sweet Dreams (Are Made Of This),"[5062773, 6283390]",2
130417,1492: The Conquest Of Paradise Theme,[1133516],1
130417,Chariots Of Fire,[1217746],1
130573,Kiss From A Rose,[6797094],1
131159,Well Meet Again,[5282243],1
131849,Walking In The Air,[4830495],1
131900,Jurassic Park Theme,"[498331, 961121, 1424621, 3898836, 5485466]",5
131900,Schindler's List Theme,"[3188581, 3586921, 4077861, 5122742]",4
131900,Somewhere In My Memory,"[4858450, 5373866]",2
131990,Dancing In The Moonlight,"[5297880, 5434766, 6063362]",3
132303,Attack On Titan - Shinzou Wo Sasageyo,"[3702011, 3748381, 3827366, 4162916]",4
132303,Bakemonogatari - Renai Circulation,[5354270],1
132303,Death Note - Op 1 The World,[5213736],1
132303,Detective Conan Theme,[4900820],1
132303,Given - Fuyu No Hanashi,[6368465],1
132303,Hollow Knight - Main Theme,[5824206],1
132303,Howls Moving Castle - Sekai No Yakusoku,[5108015],1
132303,Hunter X Hunter - Departure,[1850251],1
132303,Inuyasha,[2576381],1
132303,Jojos Bizarre Adventure - Giorno Giovanna,[5704841],1
132303,Linked Horizon - Guren No Yumiya,"[152043, 6324428]",2
132303,Mulan - Reflection,[6532616],1
132303,Neon Genesis Evangelion - A Cruel Angels Thesis,"[2806766, 5268860]",2
132303,One Piece - Binks Sake,"[952236, 2690691]",2
132303,One Piece - Overtaken,[2096011],1
132303,One Piece - We Are,[5196171],1
132303,Pink Pantera - Main Theme,"[2818506, 3173666, 4183626, 5336915, 5356318, 5841437]",6
132303,Pinocchio - When You Wish Upon A Star,"[4580016, 6303248, 6667818]",3
132303,Sailor Moon Theme Song (Moonlight Densetsu),[4230511],1
132303,Spongebob Squarepants - Krusty Krab Theme,[2534656],1
132303,Spongebob Squarepants Theme,[3739996],1
132303,Steven Universe - Its Over Isnt It,[2421176],1
132303,The Jungle Book - I Wanna Be Like You,[5354345],1
132303,Thomas The Tank Engine Theme,[881976],1
132303,Your Lie In April - Again,[6246090],1
132303,Yuri On Ice - History Maker,[3117296],1
132303,Yuri On Ice - Single,[2823896],1
132873,Chasing Cars,[4824926],1
133030,Happy Together,[6645842],1
133307,Cancer,[530576],1
133307,Welcome To The Black Parade,[1143056],1
133460,Somewhere Only We Know,[5463306],1
133931,Take On Me,"[4097211, 5121540]",2
134168,Do I Wanna Know,[6027361],1
134408,"Asturias Op. 47, No.5",[833851],1
134546,Hit The Road Jack,"[2381696, 4380126, 5096471]",3
134624,Can-Can,[285356],1
134624,"Orpheus In The Underworld, Finale Can Can",[6408812],1
134624,Orphée Aux Enfers,[5262237],1
134682,Speak Softly Love,[4358616],1
134682,The Godfather,"[1426031, 2049321, 4058601, 6244267]",4
134720,Mystery Of Love,[5157472],1
134757,Titanium,"[3560431, 5051765]",2
134834,Snowman,"[4872246, 6436065]",2
134834,Unstoppable,[6243233],1
134843,My Heart Will Go On,"[4141356, 4241731, 4879769, 4881448, 5033614, 5128232, 5469614]",7
134878,La Vie En Rose,"[937671, 4493676]",2
134887,Rudolph The Red-nosed Reindeer,[511771],1
134890,La Boheme,[5614393],1
134920,Twin Peaks Theme,[4233001],1
134940,Somewhere In Time,[4837997],1
134967,Nothing's Gonna Change My Love For You,[3293936],1
134974,Johnny B. Goode,[6037918],1
135016,Space Oddity,[6390160],1
135042,I Got You (I Feel Good),[1936301],1
135065,Running Up That Hill,"[8161956, 8192159]",2
135106,Feeling Good,[2807521],1
135106,Sway,[6711182],1
135120,All I Want For Christmas Is You,"[1853611, 3062416, 5866563, 6449821]",4
135120,Without You,[5851324],1
135125,A Thousand Miles,"[2186456, 3701536]",2
135129,Halloween Theme,[3525751],1
135148,Hurt,[5672425],1
135177,Dandelion's Promise,[4544506],1
135177,Time Travel Theme,[1261376],1
135207,You Are So Beautiful,[6355002],1
135209,Hallelujah,"[4217351, 4220496, 4821612, 4844066, 5164814, 5299895, 5678972, 6001974]",8
135222,Giant Steps,[4128206],1
135319,Sweet Caroline,[6496011],1
135375,Corpse Bride - The Piano Duet,[7706795],1
135375,Sally's Song,[1688971],1
135375,The Simpsons Main Theme,"[754776, 4303041]",2
135375,This Is Halloween (from The Nightmare Before Christmas),[4804453],1
135375,Victor's Piano Solo,[8401281],1
135403,Axel F (Beverly Hills Cop Theme),[470396],1
135408,Feliz Navidad,[4814038],1
135463,Harry Potter,[7787399],1
135491,Have Yourself A Merry Little Christmas,"[1543021, 1556676, 4639861, 6357060, 6499352]",5
135491,Over The Rainbow,"[4907185, 5028696, 5155506, 5368464]",4
135495,I Will Survive,[6851587],1
135498,Rhapsody In Blue,"[196941, 6020624]",2
135498,Summertime,"[3865286, 6529432]",2
135586,Watermelon Man,[6103374],1
135675,The Ludlows,[3248376],1
135675,The Portrait,[122446],1
135676,The Way It Is,[1986451],1
135680,I Will Always Love You,[5552151],1
135684,I Love The King Here I Am To Worship,[5562388],1
135727,The Girl From Ipanema,[5503179],1
135727,Vou Te Contar,[6282295],1
135732,Can You Feel The Love Tonight,"[3518901, 3630161, 4828686, 6539841]",4
135732,Don't Let The Sun Go Down On Me,[6325864],1
135732,Goodbye Yellow Brick Road,[5594023],1
135732,I'm Still Standing,"[1508976, 5093688, 6442367]",3
135732,Medley,[6457690],1
135732,Rocket Man,[6092859],1
135732,Sorry Seems To Be The Hardest Word,[6300556],1
135732,Tiny Dancer,[2925226],1
135732,Your Song,"[4898783, 5478379, 5926837, 6132175, 6471795]",5
135757,Maple Leaf Rag,"[145724, 529121]",2
135757,Peacherine Rag,[2011731],1
135757,Pine Apple Rag,[1494541],1
135757,The Easy Winners,[529161],1
135757,The Entertainer,"[162108, 529126, 1352881, 4128096, 6113626]",5
135765,Tank!,[6063815],1
135771,A Tender Feeling,[4792088],1
135772,Over The Rainbow,"[4583706, 5496831]",2
135793,If I Ain't Got You,[3433726],1
135799,Stand By Me,"[1764216, 4588211, 5002252]",3
135800,You've Got A Friend,[5590536],1
135815,Autumn Leaves,"[326516, 4470721, 4993435, 5259804, 5336325]",5
135870,Imagine,"[3726741, 4329021, 4369656, 6017258]",4
135882,Great Balls Of Fire,[8247584],1
135891,"12 Lieder Von Franz Schubert, S.558",[4408941],1
135891,"3 Études De Concert, S.144",[2635411],1
135891,"Consolations, S.172",[1128841],1
135891,"Danse Macabre, S.555",[4873485],1
135891,"Grandes Études De Paganini, S.141","[106022, 4426976]",2
135891,"Hungarian Rhapsody No.2, S.244/2","[63256, 3467186, 4664146]",3
135891,"Hungarian Rhapsody No.6, S.244/6",[5215854],1
135891,"Liebesträume, S.541","[65159, 5100571, 5644401]",3
135891,"Études D'exécution Transcendante, S.139",[2603291],1
135962,Right Here Waiting,"[4873134, 6201568]",2
136006,When She Loved Me,[2474426],1
136009,Vincent Starry Starry Night,[5087038],1
136082,Chi Mai,"[5788661, 6104468]",2
136082,Gabriel's Oboe,"[3058166, 3597821]",2
136082,Love Theme,"[3959431, 6264867]",2
136082,The Ecstacy Of Gold,[6167724],1
136102,Cavatina,[4817458],1
136112,Crazy,[5668993],1
136116,You've Got A Friend In Me (from Toy Story),"[4283331, 6667474, 6698508]",3
136131,James Bond Theme,[2099366],1
136206,La Foule,[5624801],1
136206,La Vie En Rose,"[2655216, 4127521, 4448396, 5648677]",4
136226,Can't Help Falling In Love,"[2452631, 2870526, 2990841, 3579721, 4178541, 5011109, 5402542, 5762856, 5980339, 6288760]",10
136243,Baker Street,[5399962],1
136258,"10,000 Reasons (Bless The Lord)",[6070519],1
136260,Perfect Day,[1023241],1
136408,"13 Pieces For Piano, Op.76",[5489821],1
136417,My Baby Just Cares For Me,"[4548071, 6479083]",2
136421,My Way,"[4343751, 5351123, 5779552, 6690686]",4
136421,New York New York,"[143819, 6569300]",2
136421,Thats Life,[6410187],1
136457,"24 Exercices Très Faciles, Op.35",[5054890],1
136466,Toxic,[4998268],1
136518,Estudio In E Minor,[4899848],1
136544,Amelie,[4891567],1
136544,"Comptine D'un Autre Été, L'après-midi","[5147062, 7822463]",2
136544,La Valse D'Amélie,[7846796],1
136553,How Great Is Our God,[5582096],1
136603,Besame Mucho,"[3450341, 4690976]",2
136619,Four Seasons (Winter),[5618276],1
136619,Le Quattro Stagioni,"[45159, 135805, 557466, 3414396, 5161146, 5498538, 5889290, 5912674]",8
136619,The Four Seasons - Winter,"[3476921, 6296866]",2
136619,"Violin Concerto In A Minor, RV 356",[4199371],1
136651,Runaway,[6610590],1
136669,Superstition,[2878011],1
136677,Promise - Reprise,[57518],1
136721,Fly Me To The Moon,"[103144, 830436, 4267906, 4455576, 4878940, 4966773, 5068762, 5881295, 5913839, 6425882]",10
136781,All Of Me,"[3332996, 4125381, 4410481, 4453546, 4802676, 5926797]",6
136819,House Of Memories,"[3366501, 4998475]",2
137056,Back To Black,"[5285757, 5681815]",2
137089,Canon Rock,[4873215],1
137597,Wind,[1241911],1
137637,Con Te Partiro,[906416],1
137653,Masquerade,[1455951],1
137663,Café 1930,[5392815],1
137663,Libertango,"[644936, 3986626, 4156461, 4490386, 5267269]",5
137663,Oblivion,"[156764, 4608996, 5981677]",3
137741,Jingle Bell Rock,[6460120],1
137766,White Christmas,[5292764],1
137804,Spain,[7026651],1
137826,Lux Aeterna,[2100881],1
137931,Que Sera Sera,[6300723],1
137994,"Ballade No.1, Op.23","[174214, 2182146]",2
137994,"Ballade No.4, Op.52",[970761],1
137994,"Fantaisie-impromptu, Op.66","[132879, 683071, 1223091, 4997558]",4
137994,"Grande Valse Brillante, Op.18",[166268],1
137994,"Nocturne In C Minor, B.108",[67216],1
137994,"Nocturne In C-sharp Minor, B.49","[77131, 3896061, 5033471, 5653788]",4
137994,"Nocturne In E Minor, Op.72 No.1",[188935],1
137994,"Nocturnes, Op.27",[4910730],1
137994,"Nocturnes, Op.48",[68278],1
137994,"Nocturnes, Op.55","[131461, 4892542]",2
137994,"Nocturnes, Op.9","[53288, 127045, 169484, 3044996, 4383881, 5178145, 5285384, 5587994]",8
137994,"Piano Sonata No.2, Op.35",[3024],1
137994,"Polonaise In A-flat Major, B.5",[1800506],1
137994,"Polonaise In A-flat Major, Op.53",[55757],1
137994,"Preludes, Op.28","[60121, 65474, 71650, 75311, 1156331, 3425751]",6
137994,"Scherzo No.2, Op.31",[179622],1
137994,"Waltz In A Minor, B.150","[952776, 1749181, 6399446]",3
137994,"Waltz In E Minor, B.56",[5738940],1
137994,"Waltzes, Op.64","[55375, 73075, 4235326, 5305991]",4
137994,"Waltzes, Op.69","[1435971, 2076226, 2498476]",3
137994,"Études, Op.10","[72961, 87402, 105780, 115967, 116128, 5258245, 5497267, 5497268, 5497277, 5674977]",10
137994,"Études, Op.25","[77075, 103126, 175968, 4553466, 5497309, 5801576]",6
138027,Love Story,"[5209288, 5547535]",2
138069,La Cumparsita,[1206896],1
138072,"Gianni Schicchi, SC 88",[648766],1
138072,"Turandot, SC 91",[3216866],1
138160,Peaches,[10437058],1
138211,Thaïs,"[183427, 5607912]",2
138222,"Canon And Gigue In D Major, P.37","[53995, 105013, 635941, 711791, 828956, 1019991, 1064336, 1100811, 1376056, 2232771, 2785851, 3152251, 3571656, 3778271, 4810446, 4854776, 5119837, 5143134, 5154865, 5210449, 5871807, 5878699, 6032437]",23
138222,"Chaconne In C Major, P.38","[257161, 2912641, 5550189]",3
138237,The Stars And Stripes Forever,[1506861],1
138238,The Star Spangled Banner,"[2772181, 2877436, 5608204]",3
138275,He's A Pirate,"[3012741, 3578656, 3669561, 4601656, 5115497]",5
138275,To The Pirates Cave,[6104414],1
138291,"Dire, Dire Docks",[5586316],1
138291,Gerudo Valley,[1974706],1
138291,Hyrule Castle,[4340116],1
138291,Hyrule Castle Courtyard,[4887140],1
138291,Lost Woods,"[780391, 4868890]",2
138291,Ocarina Of Time,[1351686],1
138291,Saria's Song,[2418086],1
138291,Song Of Storms,"[1545401, 2030166, 4989335]",3
138291,Super Mario Bros,[4913846],1
138291,Super Mario Bros - Overworld,"[51866, 1587116, 2601926, 2736606]",4
138291,Super Mario Bros.,[6642763],1
138291,Super Mario Brothers,"[2110696, 2440831, 2878316]",3
138291,The Legend Of Zelda Main Theme,"[2484196, 4880846, 4933384]",3
138291,Title Theme (The Legend Of Zelda: Ocarina Of Time),[3197666],1
138291,Zelda's Lullaby,[1694686],1
138437,Deference For Darkness,[5494862],1
138437,Halo Theme,[1202501],1
138448,Zorba's Dance,[4866772],1
138520,Take Five,[3164576],1
138722,Saturn,[5686282],1
138722,Turning Page,[120954],1
138778,Arrival Of The Birds,[5025093],1
138778,To Build A Home,"[2435486, 5754250]",2
138802,Grief And Sorrow,"[1166136, 5160438]",2
138802,Sadness And Sorrow,"[293666, 1078441, 1460091, 5058635]",4
138887,Christmas Time Is Here,"[5304302, 5493339]",2
138887,Linus And Lucy,"[5344826, 5513412]",2
138887,O Tannenbaum,[2970206],1
138887,Skating,[4818726],1
139253,For The Damaged Coda,"[2843526, 3808506]",2
139446,Stay,[3931016],1
139621,Cant Take My Eyes Off You,[3104491],1
140007,Dream A Little Dream Of Me,[6901454],1
140007,Kiss The Rain,"[3854486, 4107866, 5625485]",3
140007,Love Me,[3168706],1
140007,May Be,[5396728],1
140007,Reason,[1623811],1
140007,Reminiscent,[3355521],1
140007,River Flows In You,"[2967251, 3237171, 3291706, 4743256, 4853908, 4883794, 4982298, 5657703, 6142311, 6144002, 6921043]",11
140007,Spring Time,[1882451],1
140007,When The Love Falls,[6382131],1
140040,Autumn Leaves,[4867525],1
140227,Flowers,[9575578],1
140229,Counting Stars,"[4083661, 6107900]",2
140229,I Ain’t Worried,[8330651],1
140229,Secrets,[5082405],1
140273,We Are Number One,[2431571],1
140385,The Moon Represents My Heart,[1110826],1
140498,Hijo De La Luna,"[91942, 1740676]",2
140714,Bloody Stream,[4524791],1
140714,Bloody Stream (OP 2),[5437385],1
141008,Despacito,"[4598051, 4808879, 4918059, 5857259]",4
141086,"An Der Schönen Blauen Donau, Op.314","[4941073, 5076861, 5563700, 5731519]",4
141086,"Frühlingsstimmen, Op.410",[4942207],1
141221,Forrest Gump,[950701],1
141221,The Avengers Main Theme,"[4369966, 4841292, 5087271, 5552319, 6003417]",5
141234,One Man's Dream,[5589297],1
141333,She Used To Be Mine,[4865964],1
142022,Tico-Tico No Fubá,[4939446],1
142091,Goodbye,[6820197],1
142271,Formula 1 Theme,[5253665],1
142271,Marvel Studios Fanfare,[6715153],1
142470,The Office Theme,"[40133, 2960456, 4875944]",3
142505,Every Breath You Take,"[4250486, 6428116]",2
142511,Never Gonna Give You Up,"[2738006, 3724876, 4086991, 4879546, 5112198, 5251002, 6302205]",7
142820,Corazon De Nio,[219081],1
142993,Por Una Cabeza,[6856623],1
143161,Je Te Laisserai Des Mots,"[4442471, 5682727, 5934863]",3
143588,Date 2,[4034481],1
143588,Grand Escape,[5698279],1
143588,Kataware Doki,"[2704541, 4900443]",2
143588,Sparkle,"[2776456, 2970876]",2
143588,Suzume,[8919354],1
143588,Your Name,[2991836],1
143588,Zenzenzense,[3545836],1
143666,Still Alive,[21060],1
143673,Oceans Where Feet May Fail,"[5640358, 6702833]",2
143688,Blue Bossa,[1039041],1
143889,A Christmas Festival,[74063],1
144242,Easy On Me,"[7056120, 7065357, 7066915]",3
144242,Hello,[3941166],1
144242,Make You Feel My Love,"[4909787, 5327469, 6266942]",3
144242,Rolling In The Deep,[4747936],1
144242,Set Fire To The Rain,[4295481],1
144242,Skyfall,"[3491126, 4900595, 5459754]",3
144242,Someone Like You,"[4788682, 4836661, 5099605, 5348175]",4
144242,When We Were Young,[4999780],1
144292,L's Theme,[6290722],1
144392,"Romeo And Juliet (ballet), Op.64",[5367340],1
144456,The Giver - Rosemarys Theme,[2307631],1
144602,We Are The Crystal Gems,[1059696],1
144884,Heart And Soul,"[2127731, 5062658, 5600079, 5887903]",4
144921,Hall Of Fame,[2967706],1
145118,Fireflies,[5362319],1
145145,All Of Me,[4512381],1
145229,Let Her Go,"[3196536, 3619706]",2
145281,Fairytale,[4257251],1
145282,Always Remember Us This Way,"[7307108, 7784966]",2
145282,Bad Romance,[3502161],1
145282,Bloody Mary,[9162447],1
145282,Hold My Hand,[8049645],1
145282,Shallow,[6679720],1
145367,A Comme Amour,[161958],1
145367,Ballade Pour Adeline,[66615],1
145367,Hungarian Sonata,[4620391],1
145367,Love Is Blue,[5671877],1
145367,Love Story,"[55054, 5223326]",2
145367,Mariage D'amour,"[154629, 1053726, 3387831, 4821878, 5105348, 5174392, 5588565]",7
145367,Nostalgy,[5670772],1
145367,Romeo And Juliet,[5880912],1
145367,Souvenir D'enfance,[5670777],1
145367,梁祝,[6258104],1
145412,Divenire,[5196514],1
145412,Experience,"[2201581, 6490908, 6605114]",3
145412,Giorni Dispari,[4416386],1
145412,Le Onde,[979316],1
145412,Nuvole Bianche,"[2208321, 6420336, 9148968]",3
145412,Una Matina,[7113354],1
145463,Just The Two Of Us,"[3084461, 5226360, 5227592, 5516852, 6476046]",5
145670,Let It Go,[4864386],1
145808,Give Thanks,[5470586],1
146143,Variations On The Canon,[5886140],1
146218,Le Festin,[5961741],1
146405,Csárdás,"[2978006, 4347986, 4351976, 5619709]",4
146781,Mission Impossible Theme,[608511],1
147064,Sing Sing Sing,"[3394236, 4488746]",2
147184,Fairytale,"[2242161, 5093002]",2
147191,Blue Bird,"[5520783, 6206041]",2
147238,Ancient Stones,[2749166],1
147238,Dragonborn,"[55868, 517536, 3635941]",3
147238,Secunda,[4811536],1
147362,Chopsticks,[189966],1
148406,Ghost,[7062244],1
148829,Spooky Scary Skeletons,[4433561],1
149037,Music Box Dancer,[1478041],1
149464,You Are My Sunshine,[1634656],1
149970,Runaway,"[5499410, 6692884]",2
149999,Adagio For Strings,[3863046],1
150059,Thank You For The Music,[5276778],1
150152,Heart Of Courage,[5004943],1
150152,Star Sky,[1658976],1
150152,Victory,"[2796891, 4496841]",2
150228,Despair,[5027703],1
150228,Fairy Tail Main Theme,"[143392, 194482, 581381, 1283886]",4
150429,Talking To The Moon,[6772491],1
150429,When I Was Your Man,[6670660],1
150887,Crossing Field,[194437],1
150887,Gurenge 紅蓮華,"[5591180, 5766205, 5875316, 5879028, 6088143, 6319019]",6
150887,Homura,"[6399719, 6410822, 6450580]",3
150986,Saman,[5193404],1
151022,Arrival To Earth,[2448311],1
151289,A Thousand Years,"[6609389, 6647024, 6710478, 7790321]",4
151316,If I Had A Chicken,[5937706],1
151797,Baba Yetu,[1443876],1
151928,See You Again,[7946903],1
152037,Perfect,"[4889288, 4933722, 5019739, 5175486, 5193993, 5553858, 6967147]",7
152037,Photograph,"[4590646, 4771051]",2
152037,Shape Of You,[3798956],1
152037,Thinking Out Loud,[3592421],1
152772,September Song,[5217929],1
152879,Tong Hua,[5607954],1
152952,Night Changes,[5141788],1
152952,What Makes You Beautiful,[4097261],1
153061,Futari No Kimochi,[6030329],1
153338,Mary On A Cross,[6264862],1
153422,White Christmas,"[5855110, 6451997]",2
153516,Celebrity,[6578774],1
153695,Congratulations,[6554653],1
153940,It's Beginning To Look A Lot Like Christmas,[510866],1
153951,Ophelia,"[2884236, 5143992]",2
154088,Rudolph The Red-nosed Reindeer,[1353216],1
154107,I Need Thee Every Hour,[6557478],1
154185,Skinny Love,[3671611],1
154197,The Night We Met,[3778376],1
154282,Save Your Tears,[6318202],1
154349,Arriettys Song,[2555926],1
154953,Angry Birds,[397171],1
154991,Guns For Hire,[7118678],1
155323,Summertime Sadness,[4828582],1
155323,Video Games,[6212128],1
155323,Young And Beautiful,[4828006],1
155334,Game Of Thrones Theme,"[1640436, 2163051, 3205376, 4312326, 4801654, 5137595]",6
155334,Light Of The Seven (from Game Of Thrones),[4438966],1
155334,The Night King,[5549583],1
155379,Heartaches,[6466630],1
155499,Ave Maria,[935871],1
155504,"6 Piano Sonatinas, Op.36","[2052071, 2052136]",2
155573,Minuet In G Minor Notebooks For Anna Magdalena Bach BWV Anhang 115,[2086136],1
155650,Adagio,[900171],1
155689,The Nights,[4354306],1
155689,Waiting For Love,[3676146],1
156188,Jealous,[5094525],1
156499,Autumn Leaves,[1026276],1
156499,My Funny Valentine,[4987921],1
156759,For River To The Moon,[211671],1
156761,7 Years,"[4811520, 5080953]",2
156806,"Merry Christmas, Mr. Lawrence","[4845387, 5971218]",2
156896,The Mandalorian,"[6277044, 6687994]",2
157425,Stay With Me,[4457001],1
157528,Cant Help Falling In Love,[3063081],1
157774,Believer,"[3493496, 4393326, 5128800, 6113614]",4
157774,Bones,[7714247],1
157774,Demons,"[3241791, 3482756, 4077566]",3
157774,Enemy,"[7108460, 7153203]",2
157774,Radioactive,[3924896],1
157958,Flower Dance,"[171373, 5094199, 6430031]",3
158449,Fight Song,[6273395],1
158757,Pokemon Theme,[769686],1
159593,Say You Won't Let Go,[5018079],1
159698,Only ,[7091509],1
159819,Another Love,"[6636450, 6879438, 7581731]",3
159854,Sweater Weather,[5246959],1
160076,Downton Abbey Theme,[180394],1
161048,5 Pieces For 2 Violins And Piano,"[6136169, 6337061]",2
161048,"String Quartet No. 8 In C Minor, Op. 110",[5490785],1
161048,Waltz No.2,"[492881, 1273736, 1879061, 2786806, 3995021, 4310241, 5813667, 6031912, 6555384]",9
161417,Blues Licks,[1603616],1
161420,Jazz Exercises,"[651091, 651096]",2
161423,Major Scales,[4855057],1
161483,Summertime,[6290314],1
161566,Ballade Pour Adeline,"[114689, 6390282]",2
161566,Mariage D'Amour,"[5616440, 5739597, 6160895]",3
161658,Five Nights At Freddy's,[1304631],1
161658,It's Been So Long,[520051],1
161658,My Ordinary Life,[5543679],1
161722,Black And Blues,[5270217],1
161930,Fire On Fire,[5463264],1
161930,I'm Not The Only One,[3510506],1
162566,Aquarela,[2673011],1
163144,Take Me To Church,"[3974821, 5667702]",2
163824,Santa Claus Is Coming To Town,[5325688],1
164012,You Say,[5367872],1
164218,Zankyou Sanka,[7289177],1
164750,Hikaru Nara,"[3300496, 5052568, 6226102]",3
164754,Derniere Danse,[1491061],1
164788,On The Nature Of Daylight,[4162051],1
164788,The Departure,[4436386],1
165068,Can't Help Falling In Love,[3706601],1
165068,Carol Of The Bells,"[95366, 5233424]",2
165068,"God Rest Ye Merry, Gentlemen",[2979086],1
165068,Hallelujah,"[2823556, 4287726]",2
165068,"Mary, Did You Know?",[400411],1
165068,The Sound Of Silence,[5446742],1
165642,Moanin',[61445],1
165992,Heat Waves,[6814798],1
166387,Senorita,[5620966],1
167061,Psycho,[5905770],1
167231,Something Just Like This,[3957616],1
167390,Barfuß Am Klavier,[1570901],1
170457,Balada Para Adelina,[5246403],1
170457,Para Elisa,[6259956],1
170565,"Mary, Did You Know",[5259533],1
176446,Mad World,[64978],1
176487,Freaks,[449086],1
177402,Astronomia / Coffin Dance,"[6073049, 6086163, 6097884]",3
177836,Dandelions,"[7003985, 7053683]",2
177836,Lost Boy,"[2850956, 5139838]",2
178543,Liquid Smooth,[5654726],1
178543,Washing Machine Heart,[6825611],1
178782,Call Of Silence,[5155238],1
178782,ThanksAT,[5944354],1
178782,Vogel Im Kafig,[6317887],1
178782,YouSeeBIGGIRL/T:T,[5172370],1
179801,You Are The Reason,[4881661],1
179853,Pure Imagination,[5073285],1
181177,Rue Des Trois Frères ,[6250966],1
181472,Unravel,"[2579421, 3481596, 4886418, 5490570]",4
181766,All Falls Down,[4835922],1
181766,Faded,[4798318],1
181766,Lily,[5432871],1
181844,Monody,[1755641],1
181844,Unity,[1605161],1
182664,Someone To You,[5006816],1
183250,20,[6040516],1
184167,As The World Caves In,[6109689],1
184177,Cry For Me,[6492934],1
184619,Bad Guy,[5512876],1
184619,Everything I Wanted,[5845668],1
184619,Happier Than Ever,"[6893108, 6897953]",2
184619,I Love You,[5534137],1
184619,Idontwannabeyouanymore,[5282655],1
184619,Lovely,"[5139422, 5185173, 5276295, 5469107, 5706953, 6261807]",6
184619,My Future,[6279281],1
184619,No Time To Die,[5980854],1
184619,Ocean Eyes,[5278950],1
184619,When The Party's Over,[5287177],1
184988,Kamado Tanjirou No Uta,[5683005],1
185041,In The Mood,[1450501],1
185041,Moonlight Serenade,[4908130],1
185352,I Wanted To Leave,[6639915],1
185352,Where's My Love,[7065305],1
185444,Misty,"[2548591, 5052389]",2
185491,Glimpse Of Us,"[8205026, 8208857, 8227442, 8259416]",4
185491,Slow Dancing In The Dark,[5388854],1
186343,Butterfly Waltz,[5672702],1
186343,Song For Sienna,[5095297],1
186394,The Myth - Endless Love,[4225396],1
186883,The Wisp Sings,[5716359],1
187064,Evangelion - A Cruel Angels Thesis,"[4926407, 5199833]",2
187114,Whiplash,[757001],1
187171,"It's Been A Long, Long Time","[2357801, 5880305]",2
187171,Let It Snow,[3026341],1
187697,Bad Apple,[359836],1
188219,Alone,[4609496],1
188219,Happier,[5242767],1
188227,How You Like That,"[6224478, 6240758]",2
189452,Best Part,[5266856],1
189965,Valse,[2945846],1
190611,Heather,[6254000],1
191157,You Say Run My Hero Academia,[5261042],1
191195,Before You Go,"[5908000, 6265072]",2
191195,Someone You Loved,"[5444126, 5542297, 5685822, 5989965]",4
192041,Plastic Love,[6258043],1
193059,In The Mood,[4834474],1
193230,Lit,[5022717],1
193293,Cristofori's Dream,[125731],1
193552,On The Sunny Side Of The Street,[5052388],1
194011,"Zigeunerweisen, Op.20",[721521],1
194021,Take Five,"[430481, 5394147]",2
194364,"Radetzky-Marsch, Op.228","[4879864, 6414242]",2
196111,Always With Me,"[889281, 2168886, 5046056]",3
196396,Among Us Drip,[6674915],1
196413,Your Reality,"[4735816, 5931436]",2
197253,Beggin',[6864978],1
197344,"It's Been A Long, Long Time",[5579626],1
197781,Do-Re-Mi,"[1286471, 5255481, 5652916]",3
197781,Edelweiss (from The Sound Of Music),[4868766],1
197781,My Favorite Things (from The Sound Of Music),[6448109],1
198605,My Time,[6362049],1
199464,Moral Of The Story,[6003907],1
200102,Stay With Me,[6282282],1
200164,Robbery,[5891048],1
200455,City Of Tears,[3659386],1
200455,Dirtmouth,[5216043],1
200455,Greenpath,[3456331],1
200455,Hollow Knight Main Theme,[3714306],1
200455,Hornet,[3505076],1
200455,Mantis Lords,[4357826],1
200455,Resting Grounds,[3583956],1
200455,Sealed Vessel,[3945831],1
200455,Troupe Master Grimm,[5015622],1
200455,White Palace,[4348586],1
202272,Rises The Moon,"[6869808, 6910214]",2
202319,Way Back Home,[5177905],1
203082,Wellerman,"[5980505, 6376624, 6489358, 6558104, 6559923, 6583881, 6813233]",7
204140,Crab Rave,[5345775],1
204354,KICK BACK,"[8672190, 8812008]",2
204354,Lemon,[5029778],1
204515,Can You See My Heart 내 맘을 볼수 있나요,[5705104],1
205022,Christmas Medley,"[1748006, 2568281]",2
206724,Your New Boyfriend,[6500880],1
207012,Gone,[6585977],1
207460,Arcade,"[5480313, 5582818, 5788117]",3
207490,Industry Baby,"[6880784, 6883280, 6894057]",3
207490,Montero (Call Me By Your Name),[6698705],1
207572,Kawaki Wo Ameku カワキヲアメク,[5429697],1
207978,Sous Le Ciel De Paris,[5513641],1
208842,Black Catcher,"[5923185, 6167776]",2
209350,Rolling Girl,[119691],1
209488,Cradles,[5636120],1
213182,Succession: Title Theme,"[6111199, 6257744, 6460972]",3
214097,Elegy For The Victims Of The Earthquake And Tsunami,[2060411],1
214320,La Marseillaise,[5642975],1
214320,Tarantella Napoletana,[5497437],1
214405,Main Theme - Animal Crossing: New Horizons,[6046747],1
214405,Mii Channel Theme,"[1240891, 3556616, 4367316, 5180264]",4
214405,Wii Shop Channel,[3158401],1
214405,Wii Sports Theme,[4986642],1
214433,Kass' Theme (The Hero's Theme),[4217151],1
214456,"""Main Theme"" From The Legend Of Zelda: Breath Of The Wild",[4856908],1
214456,Kass's Theme From The Legend Of Zelda: Breath Of The Wild,[4581766],1
214456,Main Theme - Breath Of The Wild,[5364571],1
214456,Prince Sidon's Theme ,[3647106],1
214456,Revali's Theme,[4068886],1
215312,Diamond Is Unbreakable - Main Theme,[2816016],1
215312,Giorno's Theme,"[2596971, 5297193, 5366398, 5491166, 5595109, 5669241, 5961358, 6262653]",8
215344,Champion Cynthia,[4178456],1
215344,Littleroot Town,[1630121],1
215483,Guillaume Tell,[2291421],1
215649,Carnaval De Venise,[4356596],1
215924,O Holy Night,"[142961, 520771, 1609416]",3
216036,Chattanooga Choo Choo,[6648344],1
216118,The Addams Family Theme,[44152],1
216126,Danzón No.2,[7076695],1
216427,Gusty Garden Galaxy,[2477361],1
216427,Luma,[2582191],1
217498,Ori And The Will Of The Wisps OST,[6033252],1
217665,Melody Of The Night 5,[4922485],1
218328,"INSANE Attack On Titan Season 4 (Final Season) OP - ""Boku No Sensou"" / ""My War"" (Piano)",[6504022],1
218328,Kamado Tanjiro No Uta,"[5744620, 6224372, 6403774]",3
218334,Gravity Falls Theme,"[1461066, 1871671, 1871836, 2284946, 2369091]",5
218440,Gourmet Race,"[936706, 2737121]",2
218441,A Cruel Angels Thesis Neon Genesis Evangelion,[5575191],1
218441,Komm Süsser Tod,[3164791],1
218441,Rei I,[3949096],1
218872,Super Mario Galaxy OST,[6782677],1
219035,Liz And The Blue Bird,[5349559],1
219199,Classical Music Mashup,[5294675],1
220078,Coconut Mall,[5601488],1
220152,Otherside,[7081600],1
220152,Pigstep,"[6089373, 6098495]",2
221333,Tom And Jerry,[730856],1
221932,Jig 2,[2713171],1
222221,Tequila,[5198109],1
222337,Concierto De Aranjuez,[6245314],1
222382,Hokage's Funeral,[6014563],1
222582,"You're A Mean One, Mr. Grinch ",[5360095],1
222755,Let It Go,"[4656981, 4845712, 5172780, 6359957]",4
222755,Remember Me,[4871882],1
222833,Blue Bird,[6222842],1
222859,"Étude Opus 25 No. 11, “Winter Wind” In A Minor",[5497288],1
223911,Arabesque,[5848402],1
224104,Into The Unknown,"[948991, 4113161]",2
225843,All I Want,[5925102],1
225843,Deja Vu,[6732206],1
225843,Drivers License,"[6550228, 6550946]",2
225843,Good 4 U,[6771048],1
225843,Happier,[6784877],1
225843,Traitor,[6803889],1
225909,Fukashigi No Carte  ,"[5276791, 5394198, 5470001, 6294482]",4
226238,Shinzou Wo Sasageyo,[4411791],1
226520,Rush E,"[6862109, 8192093]",2
226689,Toss A Coin To Your Witcher ,[5907496],1
226713,Pokemon OST,[5694950],1
226808,Bluestone Alley,[1409246],1
226882,"Messiah, HWV 56","[2971961, 3848401]",2
226882,"Rinaldo, HWV 7b",[191220],1
226882,"Suite In D Minor, HWV 437","[3329461, 4355526]",2
226882,"Suite In G Minor, HWV 432","[142060, 1149426]",2
226882,The Arrival Of The Queen Of Sheba,[4982984],1
227288,Fairly Oddparents Theme Song,[6887558],1
227617,Senbonzakura,"[5237072, 5263031]",2
227767,Avatar: The Last Airbender: Main Title,[3544951],1
229250,Yoru Ni Kakeru,[6088047],1
230066,Dolphin Shoals,"[1685826, 4883752]",2
230074,Baby Shark,[167520],1
230903,Inferno,[5640315],1
231070,Isabella's Lullaby,"[5516898, 5670629, 5963258]",3
231074,Tom Brier Improvisation,[5963930],1
231206,Ala,[6995442],1
231206,Sleeping Lotus,[6462313],1
232184,Beethoven's Silence,[1563166],1
233064,Shinunoga E-Wa,[8663811],1
233128,Dawn,[4886992],1
233128,Liz On Top Of The World,[4687811],1
234751,Who You Really Are,[3254656],1
235305,Pine Top's Boogie Woogie,[4311871],1
236076,One Last Kiss,[6660623],1
237188,Bluebird,[5044925],1
241262,A Song For My Brother,[6110883],1
241814,Grasswalk,[1839366],1
242000,My Sweet And Tender Beast,[1932986],1
242216,Flight Of The Bumblebee,"[437, 194248, 649716, 842496, 2776946, 5231813]",6
242216,The Tale Of Tsar Saltan (opera),[97866],1
243829,HISTORIA DE UN AMOR ,[6124587],1
244520,Dearly Beloved,[5046937],1
246519,Red Swan,"[5207060, 6339200]",2
246788,Bad Piggies Theme,[4839139],1
247305,Croatian Rhapsody,"[168611, 5661557]",2
248007,Tetris / Korobeiniki - Fast Ragtime Piano Cover,[5625623],1
253977,0X1=LOVESONG (I Know I Love You),[6799818],1
255036,Lilium,[5661551],1
255845,Love Is Gone,[6135194],1
256777,Potato Blues,[4905204],1
256778,Happy Birthday Song In Jazz,[6134810],1
256798,My War,[6492030],1
256798,My War / Boku No Sensou ,[6499472],1
257308,A Million Dreams From The Greatest Showman,[7458092],1
257690,Love Is Gone,[6154092],1
257702,Reflections,"[6209292, 6242855]",2
258894,Corazón De Niño,[5388669],1
258920,State Anthem Of The Soviet Union,"[285066, 4796695, 4901700, 4951565]",4
260671,Gunjou ,[6605581],1
260671,たぶん (Tabun),[6270584],1
260671,夜に駆ける,[6212539],1
260671,夜に駆ける (Yoru Ni Kakeru),[6419799],1
260671,夜に駆ける/ Racing Into The Night【ピアノ】,[6810218],1
260671,怪物,[6563367],1
260948,Still With You,[6189429],1
261008,Tiny Light,[5949383],1
262068,DAN DAN Kokoro Hikareteku (だん だん 心魅かれてく,[6256214],1
262597,Back Door,[6342655],1
262597,끝나지 않을 이야기,[5839868],1
265031,Dragonspine OST No.3,[6522544],1
265031,Forsaken Child Of Ancient Times - Genshin Impact OST,[6388925],1
265031,Genshin Impact - Dragonspine OST,[6533288],1
265031,Genshin Impact - Ganyu: Radiant Dreams,[6582428],1
265031,Genshin Impact - Inazuma Miscellany,[6866423],1
265031,Genshin Impact Main Theme,"[6375843, 6460266]",2
265031,Genshin Impact OST,[6518182],1
265031,Liyue OST,[6412777],1
265031,Moon In One's Cup,[6491323],1
265031,Rapid As Wildfires,"[6376991, 6391532, 6443712]",3
265031,Rex Incognito,[6691198],1
265031,The Fading Stories (Qingce Village Night),[6452262],1
265031,Unreleased Genshin Impact Soundtrack #15,[6462389],1
266319,Mais Je T'aime,[6253446],1
266934,Touch You,[6428861],1
267208,热爱105°c的你,[7093474],1
268348,馬鹿みたい Baka Mitai,[6266322],1
269107,What A Wonderful World,[6317909],1
270797,The Owl House Theme,[6312901],1
272998,Beethoven Virus,[5219357],1
274554,Shrek,[5558265],1
274745,Paganiniana (Variations),[6363066],1
276221,刻在我心底的名字 (Your Name Engraved Herein) |電影《刻在你心底的名字》主題曲| Piano Cover,[6383587],1
278908,Dawn Winery,[6383501],1
279207,Romantic Birthday Song No.2 In A Major,[6421432],1
279324,Windy Hill,[6422891],1
279663,Wake Up,[6425478],1
280426,Fairytale Of New York,[1464221],1
281107,Stay,[6863375],1
284297,Chasing Kou,[6491030],1
286292,Among Us Drip,[6356257],1
286292,Among Us Trap Remix,[6519100],1
286513,Take Five,[5062047],1
286819,172 DUET,"[6530919, 6558218, 6565436]",3
286819,By Your Side.,[6542862],1
286819,Final Duet,[6643957],1
286819,Title,[6526992],1
286819,World's End Valentine,[6548750],1
293493,Six's Music Box,[6624747],1
299254,Let You Break My Heart Again,[7515920],1
299254,Valentine,[7677896],1
302411,Avid,[6782724],1
302903,Nyanyanyanyanyanyanya!,[50457],1
304218,TVA,[6814123],1
309302,Numb Little Bug,[7600697],1
319161,Three Variations On Happy Birthday,[1240166],1
324132,Balada Cubana,[5028773],1
325482,Abcdefu,[7254879],1
328056,Toxic,"[7239264, 7330571]",2
333749,Solas,[7835876],1
335267,Akuma No Ko,"[7395425, 7431032]",2
337820,Le Festin,[5175334],1
338165,Golden Hour,"[8457389, 8548844, 8668713, 8772048, 8775498, 9131148]",6
338165,This Is What Falling In Love Feels Like,[5960975],1
352040,Tada Koe Hitotsu,[7805150],1
364872,Until I Found You,"[8050848, 8610023]",2
366837,Sunroof,[8090511],1
375932,דנה,[6804809],1
387017,Elevator Jam,[8612264],1
393045,I REALLY WANT TO STAY AT YOUR HOUSE,[8664423],1
394620,Mario Kart ,[5462494],1
394890,Idea 10,"[8910036, 8988956]",2
408554,Murders: Miracle Musical ,[6710521],1
410445,The Pathways,[6292362],1
411822,Wednesday Play The Cello,[9144624],1
447430,Cupid,[10367578],1
452182,CMP,[6305471],1
