tezavnost,naslov,avtor,parts,pages,time,date,views,favourites,zasedba,instrument,javna domena
Intermediate,Merry-Go-Round of Life: Howl's Moving Castle Piano Tutorial,PianoChannel,1 part,7 pages,05:15,"Jul 05, 2017","3,580,465 views","136,209 favorites",Solo,Piano,NE
Intermediate,River Flows In You,emmy langevin,1 part,4 pages,02:47,"Jan 24, 2017","5,159,325 views","170,967 favorites",Solo,Piano,NE
Intermediate,Canon in D,lemontart,1 part,6 pages,04:05,"Jul 01, 2015","2,758,688 views","111,066 favorites",Solo,Piano,DA
Intermediate,Für Elise – Beethoven,ClassicMan,1 part,3 pages,02:37,"Dec 22, 2011","2,373,103 views","92,406 favorites",Solo,Piano,DA
Advanced,Clair de Lune – Debussy,ClassicMan,1 part,6 pages,04:36,"Aug 05, 2012","2,697,151 views","97,021 favorites",Solo,Piano,DA
Intermediate,Chopin - Nocturne Op 9 No 2 (E Flat Major),Rodila,1 part,4 pages,03:40,"Aug 14, 2017","1,944,927 views","82,009 favorites",Solo,Piano,DA
Beginner,Gymnopédie No. 1 – Satie,ClassicMan,1 part,3 pages,04:23,"Oct 21, 2017","1,332,218 views","57,071 favorites",Solo,Piano,DA
Beginner,Alan Walker - Faded,Bruno Morsch,1 part,3 pages,03:25,"Oct 25, 2017","2,323,730 views","94,020 favorites",Solo,Piano,NE
Beginner,Hallelujah,musicgllover,1 part,2 pages,01:54,"Jul 09, 2017","1,178,988 views","73,396 favorites",Solo,Piano,NE
Beginner,Waltz in A Minor(Chopin),DimitrisG1,1 part,2 pages,02,"Feb 13, 2016","840,221 views","53,151 favorites",Solo,Piano,DA
Intermediate,"Sonate No. 14, “Moonlight” 1st Movement",ClassicMan,1 part,4 pages,06:16,"Jul 06, 2012","1,370,228 views","51,009 favorites",Solo,Piano,DA
Intermediate,Pirates of the Caribbean - He's a Pirate,onnikoivisto,1 part,3 pages,01:19,"Nov 18, 2015","856,710 views","47,569 favorites",Solo,Piano,NE
Beginner,Je Te Laisserai Des Mots - Patrick Watson,jogisd,1 part,2 pages,02:30,"Aug 20, 2019","981,417 views","46,540 favorites",Solo,Piano,NE
Intermediate,One Summer's Day (Spirited Away),Torby Brand,1 part,3 pages,03:31,"Nov 29, 2015","1,615,174 views","53,646 favorites",Solo,Piano,NE
Intermediate,Undertale - Megalovania [Piano] (ver. 3),Manel Navola,1 part,7 pages,02:36,"Oct 31, 2015","1,821,341 views","42,465 favorites",Solo,Piano,NE
Intermediate,Passacaglia,Dennis Kovalev,1 part,3 pages,02:17,"Jun 23, 2019","364,712 views","20,792 favorites",Solo,Piano,DA
Advanced,"Sonate No. 14, “Moonlight” 3rd Movement",ClassicMan,1 part,12 pages,06:46,"Dec 21, 2011","1,332,192 views","40,002 favorites",Solo,Piano,DA
Intermediate,Carol of the Bells,Will_Ross,1 part,2 pages,02:01,"Dec 03, 2016","530,226 views","26,595 favorites",Solo,Piano,DA
Beginner,Sweden (Minecraft),Torby Brand,1 part,1 page,02:05,"Oct 07, 2017","1,000,744 views","35,064 favorites",Solo,Piano,NE
Intermediate,WA Mozart Marche Turque (Turkish March fingered),PapyPiano,1 part,5 pages,03:44,"Nov 19, 2013","610,164 views","23,273 favorites",Solo,Piano,DA
